Region,Sales,Quantity,Discount,Profit,SalesPercent,QuantityPercent,DiscountPercent,ProfitPercent
Central,501239.8908,8780,77787.663216,39706.3625,21.82,23.18,24.11,13.86
East,678781.24,10618,94608.6342,91522.78,29.55,28.04,29.33,31.96
South,391721.905,6209,56779.1616,46749.4303,17.05,16.39,17.6,16.32
West,725457.8245,12266,93406.675325,108418.4489,31.58,32.39,28.96,37.86
