Segment,Sales,Quantity,Discount,Profit,SalesPercent,QuantityPercent,DiscountPercent,ProfitPercent
Consumer,1161401.345,19521,166267.3589,134119.2092,50.56,51.54,51.54,46.83
Corporate,706146.3668,11608,91389.40498600001,91979.134,30.74,30.65,28.33,32.12
Home Office,429653.1485,6744,64925.370455000004,60298.6785,18.7,17.81,20.13,21.05
