Sub-Category,Sales,Quantity,Discount,Profit,SalesPercent,QuantityPercent,DiscountPercent,ProfitPercent
Bookcases,114879.9963,868,20800.591041,-3472.556,31.17,31.49,30.58,15.51
Supplies,46673.538,647,3022.8656,-1189.0995,12.67,23.48,4.44,5.31
Tables,206965.532,1241,44192.197100000005,-17725.4811,56.16,45.03,64.97,79.18
